{"guangzhou": [112.958508, 22.51436], "wuxi": [119.51966, 31.108647], "yuzhong": [105.289759, 28.161339], "chongqing": [106.256059, 29.131545]}